,temp_clstr_52,hum_clstr_52,wea_desc_clstr_52
584,298.2,94,broken clouds
585,297.91,96,broken clouds
586,298.2,94,broken clouds
587,298.19,94,broken clouds
588,300.71,80,broken clouds
589,301.51,70,broken clouds
590,302.9,67,broken clouds
591,303.52,63,broken clouds
592,303.2,66,broken clouds
593,303.2,66,light rain
594,302.58,73,light intensity shower rain
595,300.27,85,light intensity shower rain
596,300.05,85,light intensity shower rain
597,300.76,78,broken clouds
598,301.09,76,broken clouds
599,300.34,83,broken clouds
600,300.34,81,broken clouds
601,300.03,88,light rain
602,300.03,88,light rain
603,300.04,88,broken clouds
604,300.04,88,broken clouds
605,300.04,88,broken clouds
606,299.4,90,broken clouds
607,299.69,83,light rain
608,298.98,88,light rain
609,298.98,88,moderate rain
610,298.46,92,moderate rain
611,298.42,92,broken clouds
612,301.08,81,broken clouds
613,302.13,77,broken clouds
614,303.15,73,broken clouds
615,303.76,68,broken clouds
616,304.74,63,broken clouds
617,304.74,61,broken clouds
618,304.09,69,scattered clouds
619,302.87,70,scattered clouds
620,304.23,63,broken clouds
621,303.54,70,broken clouds
622,302.9,74,broken clouds
623,302.15,77,broken clouds
624,302.15,79,broken clouds
625,301.51,77,broken clouds
626,301.8,75,broken clouds
627,301.51,78,light rain
628,301.38,82,light rain
629,301.38,82,light rain
630,301.09,85,light rain
631,301.09,86,light rain
632,301.09,87,light rain
633,300.75,86,broken clouds
634,300.46,88,light rain
635,300.74,85,light rain
636,301.7,79,moderate rain
637,303.56,70,moderate rain
638,303.21,72,moderate rain
639,299.53,81,thunderstorm with light rain
640,299.53,81,moderate rain
641,297.91,96,thunderstorm with heavy rain
642,297.91,96,light rain
643,297.9,94,light intensity shower rain
644,298.17,91,light intensity shower rain
645,298.2,92,heavy intensity rain
646,297.91,94,heavy intensity rain
647,298.97,88,light rain
648,298.98,85,scattered clouds
649,298.73,88,scattered clouds
650,298.42,90,scattered clouds
651,298.2,92,broken clouds
652,298.72,86,broken clouds
653,298.72,88,light rain
654,298.72,90,broken clouds
655,298.73,90,broken clouds
656,298.73,88,broken clouds
657,298.41,92,light rain
658,298.41,92,light rain
659,298.39,92,scattered clouds
660,298.2,94,broken clouds
661,298.2,94,light rain
662,299.4,86,broken clouds
663,300.8,81,broken clouds
664,302.23,75,broken clouds
665,303.34,68,broken clouds
666,304,67,broken clouds
667,304.51,64,broken clouds
668,303.77,66,light intensity shower rain
669,299.9,86,thunderstorm with heavy rain
670,299.5,85,light rain
671,299.27,87,scattered clouds
672,298.98,87,scattered clouds
673,298.2,94,broken clouds
674,298.41,92,broken clouds
675,298.45,92,broken clouds
676,298.98,88,broken clouds
677,298.45,92,broken clouds
678,298.2,94,broken clouds
679,298.66,91,broken clouds
680,298.98,90,broken clouds
681,298.66,92,broken clouds
682,298.66,91,broken clouds
683,298.41,94,broken clouds
684,298.66,92,broken clouds
685,298.41,96,broken clouds
686,298.98,92,broken clouds
687,300.74,83,broken clouds
688,301.8,80,broken clouds
689,303.72,69,broken clouds
690,304.75,59,light rain
691,304.61,61,light rain
692,304.38,67,broken clouds
693,303.61,64,scattered clouds
694,302.19,71,broken clouds
695,301.81,75,broken clouds
696,301.48,77,broken clouds
697,300.39,83,broken clouds
698,299.69,86,broken clouds
699,299.4,88,broken clouds
700,299.37,86,broken clouds
701,299.4,86,broken clouds
702,299.4,88,broken clouds
703,298.98,88,broken clouds
704,298.98,88,broken clouds
705,298.98,90,broken clouds
706,298.98,87,light rain
707,298.52,94,light rain
708,298.2,94,broken clouds
709,298.2,96,mist
710,299.4,92,mist
711,300.74,81,broken clouds
712,302.55,74,broken clouds
713,303.91,66,scattered clouds
714,303.21,65,scattered clouds
715,301.45,73,light intensity shower rain
716,303.97,65,broken clouds
717,303.47,70,broken clouds
718,302.87,71,light intensity shower rain
719,301.58,78,scattered clouds
720,300.76,82,light intensity shower rain
721,299.4,88,light rain
722,299.4,86,broken clouds
723,298.98,90,broken clouds
724,299.4,88,broken clouds
725,299.69,86,broken clouds
726,298.98,90,light rain
727,298.73,90,broken clouds
728,298.73,90,broken clouds
729,298.52,92,broken clouds
730,298.73,92,broken clouds
731,298.98,86,broken clouds
732,298.73,88,broken clouds
733,298.42,92,haze
734,299.41,83,moderate rain
735,300.13,81,light rain
736,301.83,74,broken clouds
737,303.68,67,broken clouds
738,304.79,63,broken clouds
739,305.01,57,broken clouds
740,304.66,62,broken clouds
741,304.3,63,light intensity shower rain
742,303.75,65,broken clouds
743,300.46,78,scattered clouds
744,299.69,82,light rain
745,299.4,83,light rain
746,299.4,85,broken clouds
747,299.41,83,broken clouds
748,299.4,85,broken clouds
749,298.98,86,broken clouds
750,298.98,85,scattered clouds
751,298.77,88,broken clouds
752,298.77,88,broken clouds
753,298.53,90,broken clouds
754,298.77,86,moderate rain
755,298.41,86,moderate rain
756,297.91,90,broken clouds
757,297.91,94,broken clouds
758,300.72,81,broken clouds
759,302.09,72,broken clouds
760,303.97,65,broken clouds
761,303.45,67,light rain
762,303.03,76,moderate rain
763,300.34,84,heavy intensity shower rain
764,300.99,86,light rain
765,302.87,76,light rain
766,302.08,79,scattered clouds
767,301.67,83,light intensity shower rain
768,301.23,83,light intensity shower rain
769,300.43,85,light rain
770,299.74,90,light rain
771,299.32,92,moderate rain
772,299.4,92,light rain
773,298.98,94,broken clouds
774,299.16,94,broken clouds
775,298.9,95,broken clouds
776,298.77,94,broken clouds
777,298.77,94,broken clouds
778,298.45,94,mist
779,298.2,96,mist
780,298.46,94,mist
781,298.53,94,mist
782,300.77,83,light rain
783,301.81,78,broken clouds
784,303.34,69,broken clouds
785,304.72,63,broken clouds
786,304.96,61,light rain
787,305.03,58,broken clouds
788,303.36,72,thunderstorm with light rain
789,302.28,73,thunderstorm with light rain
790,303.05,68,broken clouds
791,304.4,63,broken clouds
792,302.86,73,broken clouds
793,301.8,79,light rain
794,301.79,79,light rain
795,300.46,85,broken clouds
796,300.46,85,broken clouds
797,300.04,86,light rain
798,300.04,87,broken clouds
799,299.69,88,broken clouds
800,299.69,88,light rain
801,299.4,90,broken clouds
802,299.4,90,light rain
803,299.4,90,light rain
804,299.69,86,light rain
805,298.73,88,broken clouds
806,298.73,86,light rain
807,300.87,78,broken clouds
808,302.54,68,few clouds
809,302.87,70,scattered clouds
810,303.98,66,light rain
811,304.41,63,broken clouds
812,305.47,61,broken clouds
813,305.8,53,broken clouds
814,306.06,52,broken clouds
815,305.5,52,broken clouds
816,304.91,55,broken clouds
817,303.49,63,broken clouds
818,303.51,61,broken clouds
819,302.57,67,broken clouds
820,301.85,71,broken clouds
821,301.38,77,broken clouds
822,301.8,77,broken clouds
823,300.46,85,broken clouds
824,300.46,83,light rain
825,300.03,81,heavy intensity rain
826,300.46,83,heavy intensity rain
827,300.46,88,light rain
828,300.04,90,broken clouds
829,300.32,88,broken clouds
830,301.36,85,broken clouds
831,300.23,84,thunderstorm with light rain
832,300.35,79,scattered clouds
833,300.44,77,broken clouds
834,301.38,75,light rain
835,301.4,77,light rain
836,301.83,74,light rain
837,301.85,74,broken clouds
838,301.85,72,broken clouds
839,301.43,74,light rain
840,301.09,77,moderate rain
841,300.79,77,moderate rain
842,301.09,74,light rain
843,301.09,71,light rain
844,301.09,75,moderate rain
845,300.75,75,moderate rain
846,300.75,75,moderate rain
847,300.67,77,light rain
848,300.33,77,light rain
849,300.03,80,broken clouds
850,299.69,85,broken clouds
851,299.4,88,broken clouds
852,299.27,88,broken clouds
853,299.38,88,light rain
854,300.44,86,broken clouds
855,301.51,82,broken clouds
856,302.56,77,broken clouds
857,302.91,74,broken clouds
858,304.4,66,broken clouds
859,304.74,63,broken clouds
860,305.03,59,broken clouds
861,305.2,61,broken clouds
862,304.1,64,broken clouds
863,303.51,70,scattered clouds
864,303.2,71,scattered clouds
865,302.42,74,broken clouds
866,302.55,74,broken clouds
867,301.8,77,broken clouds
868,302.13,77,broken clouds
869,302.14,77,light rain
870,301.38,80,broken clouds
871,301.38,80,broken clouds
872,301.09,81,light rain
873,300.46,85,thunderstorm with light rain
874,299.74,92,light rain
875,299.19,96,moderate rain
876,298.77,88,light rain
877,298.97,88,light rain
878,300.04,87,broken clouds
879,301.81,82,broken clouds
880,303.2,73,light rain
881,304.18,63,moderate rain
882,304.51,61,moderate rain
883,305.42,58,light rain
884,305.46,59,light rain
885,305.03,62,light rain
886,301.22,74,thunderstorm with light rain
887,301.22,74,light rain
888,301.83,71,broken clouds
889,302.56,76,broken clouds
890,302.56,73,broken clouds
891,301.79,77,light rain
892,301.8,79,moderate rain
893,300.88,81,moderate rain
894,300.8,85,light rain
895,300.46,86,light rain
896,300.03,88,moderate rain
897,300,86,broken clouds
898,299.74,86,light rain
899,299.4,88,broken clouds
900,299.4,88,broken clouds
901,299.27,90,broken clouds
902,298.98,92,broken clouds
903,301.49,80,broken clouds
904,302.56,76,broken clouds
905,303.52,70,broken clouds
906,304.56,63,broken clouds
907,304.4,58,scattered clouds
908,303.67,67,light intensity shower rain
909,302.23,77,thunderstorm with light rain
910,301.25,83,thunderstorm with light rain
911,301.25,83,light rain
912,303.02,68,scattered clouds
913,300.04,87,thunderstorm with light rain
914,300.04,87,light rain
915,300.3,80,thunderstorm with light rain
916,300.3,80,light rain
917,299,85,light intensity shower rain
918,298.77,90,light rain
919,298.45,92,moderate rain
920,298.45,92,moderate rain
921,298.77,94,broken clouds
922,298.77,94,broken clouds
923,298.45,96,broken clouds
924,298.45,94,broken clouds
925,298.45,92,moderate rain
926,298.77,92,moderate rain
927,298.98,88,moderate rain
928,299.27,85,moderate rain
929,298.98,85,light rain
930,299.69,85,moderate rain
931,300.03,85,moderate rain
932,300.76,80,moderate rain
933,302.51,72,light rain
934,303.21,70,light rain
935,304.2,64,light rain
936,300.28,87,thunderstorm with light rain
937,300.28,87,light rain
938,298.77,90,moderate rain
939,298.77,90,thunderstorm with light rain
940,298.98,88,moderate rain
941,300.04,83,moderate rain
942,300.04,88,light rain
943,299.27,88,light rain
944,298.77,92,scattered clouds
945,298.98,90,light rain
946,298.32,95,broken clouds
947,298.32,95,broken clouds
948,298.45,94,light rain
949,298.2,94,light rain
950,298.2,94,moderate rain
951,298.2,94,light rain
952,298.2,92,light rain
953,298.2,92,light rain
954,298.41,86,broken clouds
955,298.2,88,light rain
956,299.4,83,light rain
957,301.22,77,light rain
958,302.59,72,moderate rain
959,303.51,69,moderate rain
960,303.93,66,moderate rain
961,303.98,63,moderate rain
962,300.67,79,light intensity shower rain
963,297.9,96,moderate rain
964,297.9,96,thunderstorm with heavy rain
965,298.19,96,moderate rain
966,298.53,89,light rain
967,298.2,92,light rain
968,298.2,88,light rain
969,298.2,92,light rain
970,298.2,94,light rain
971,298.2,94,light rain
972,298.2,94,light rain
973,298.2,90,light rain
974,298.2,92,light rain
975,298.2,94,light rain
976,298.2,92,light rain
977,298.2,94,light rain
978,298.2,94,light rain
979,298.2,94,light rain
980,297.78,96,light rain
981,298.73,90,light rain
982,300.01,83,light rain
983,301.51,77,light rain
984,302.56,71,light rain
985,303.52,67,moderate rain
986,302.9,68,moderate rain
987,302.91,68,moderate rain
988,303.77,66,scattered clouds
989,302.51,73,light intensity shower rain
990,299.59,89,thunderstorm with rain
991,299.59,89,light rain
992,298.98,93,light rain
993,299,92,broken clouds
994,298.98,94,scattered clouds
995,298.98,92,broken clouds
996,298.98,92,light intensity shower rain
997,299.32,90,light rain
998,298.98,94,light rain
999,298.98,94,broken clouds
1000,298.98,94,scattered clouds
1001,298.98,94,light rain
1002,298.98,94,light intensity shower rain
1003,298.77,94,moderate rain
1004,298.31,93,broken clouds
1005,298.31,93,broken clouds
1006,299.69,88,broken clouds
1007,300.76,81,broken clouds
1008,301.84,77,light rain
1009,303.5,67,light rain
1010,304.58,65,moderate rain
1011,304.99,61,light rain
1012,304.61,64,broken clouds
1013,303.77,68,scattered clouds
1014,303.22,72,thunderstorm with light rain
1015,303.22,72,light rain
1016,299.26,92,thunderstorm with light rain
1017,298.51,94,light intensity shower rain
1018,298.2,94,scattered clouds
1019,298.2,92,light rain
1020,298.2,90,scattered clouds
1021,298.31,90,light rain
1022,298.2,94,scattered clouds
1023,298.2,94,broken clouds
1024,298.2,94,broken clouds
1025,298.2,94,light rain
1026,298.2,94,broken clouds
1027,298.2,92,broken clouds
1028,298.41,92,broken clouds
1029,297.57,96,broken clouds
1030,297.88,96,broken clouds
1031,300.44,83,broken clouds
1032,302.21,78,light rain
1033,303.34,71,light rain
1034,304.24,64,light rain
1035,303.76,68,light intensity shower rain
1036,303.49,70,light intensity shower rain
1037,300.06,83,thunderstorm with light rain
1038,300.06,83,light rain
1039,299.79,89,thunderstorm with heavy rain
1040,299.79,89,light rain
1041,298.56,95,thunderstorm with light rain
1042,298.56,95,light rain
1043,298.19,92,thunderstorm with light rain
1044,298.19,92,light rain
1045,298.16,92,moderate rain
1046,298.16,92,light rain
1047,298.19,94,light rain
1048,298.19,94,light rain
1049,298.2,94,light rain
1050,298.21,94,light rain
1051,298.2,94,broken clouds
1052,298.2,96,broken clouds
1053,298.2,96,broken clouds
1054,297.86,98,broken clouds
1055,297.86,96,broken clouds
1056,297.15,100,broken clouds
1057,297.15,100,broken clouds
1058,297.15,100,broken clouds
1059,299.66,92,broken clouds
1060,302.2,78,light rain
1061,302.85,77,broken clouds
1062,303.76,73,broken clouds
1063,302.75,77,heavy intensity shower rain
1064,302.87,79,light intensity shower rain
1065,303.02,79,scattered clouds
1066,304.19,73,broken clouds
1067,304.74,70,broken clouds
1068,304.1,69,broken clouds
1069,304.18,67,broken clouds
1070,300.75,82,light intensity shower rain
1071,299.4,88,scattered clouds
1072,299.74,87,broken clouds
1073,299.32,91,broken clouds
1074,299.32,92,broken clouds
1075,299.32,92,broken clouds
1076,298.98,94,haze
1077,298.98,94,mist
1078,298.98,92,broken clouds
1079,299.27,94,haze
1080,298.98,96,mist
1081,299.27,94,mist
1082,298.97,96,mist
1083,300.32,91,haze
1084,302.56,79,haze
1085,303.69,72,light rain
1086,299.14,93,thunderstorm with rain
1087,300.02,94,thunderstorm with light rain
1088,300.15,92,thunderstorm with light rain
1089,300.15,92,light rain
1090,300.44,88,light rain
1091,301.4,83,broken clouds
1092,301.4,84,broken clouds
1093,301.41,84,broken clouds
1094,301.08,83,broken clouds
1095,300.66,85,broken clouds
1096,300.04,90,broken clouds
1097,299.69,90,broken clouds
1098,299.4,92,broken clouds
1099,299.69,90,broken clouds
1100,299.4,90,broken clouds
1101,298.98,92,broken clouds
1102,298.98,91,broken clouds
1103,298.66,92,light rain
1104,298.31,94,moderate rain
1105,298.31,93,light rain
1106,298.98,90,shower rain
1107,298.73,90,broken clouds
1108,299.69,85,broken clouds
1109,300.41,83,light intensity shower rain
1110,302.24,74,scattered clouds
1111,301.85,77,light rain
1112,300.8,88,light rain
1113,300.36,90,light rain
1114,300.78,85,broken clouds
1115,301.41,82,broken clouds
1116,301.84,80,broken clouds
1117,302.15,76,scattered clouds
1118,301.72,80,light rain
1119,300.39,88,light rain
1120,300.04,90,light rain
1121,300.03,90,broken clouds
1122,299.32,94,broken clouds
1123,299.27,92,broken clouds
1124,299.61,91,broken clouds
1125,300.04,88,broken clouds
1126,299.74,90,broken clouds
1127,299.32,92,broken clouds
1128,299.32,92,light rain
1129,298.98,96,broken clouds
1130,298.98,94,light rain
1131,298.42,98,mist
1132,301.49,83,moderate rain
1133,302.15,79,moderate rain
1134,303.34,79,light rain
1135,303.51,73,light rain
1136,304.81,66,light rain
1137,304.72,63,light rain
1138,304.32,66,thunderstorm with light rain
1139,304.32,66,light rain
1140,298.28,94,moderate rain
1141,298.28,94,thunderstorm with light rain
1142,298.11,93,thunderstorm with light rain
1143,298.11,93,moderate rain
1144,297.85,94,thunderstorm with light rain
1145,298.16,96,light intensity shower rain
1146,298.16,94,light rain
1147,298.2,94,light rain
1148,298.2,94,light rain
1149,298.31,93,light rain
1150,298.66,91,light rain
1151,298.98,88,light rain
1152,298.73,90,moderate rain
1153,298.31,93,light rain
1154,298.32,92,light rain
1155,298.2,94,broken clouds
1156,298.2,92,broken clouds
1157,298.31,93,broken clouds
1158,298.73,90,light rain
1159,299.69,85,light rain
1160,300.45,83,light rain
1161,300.47,83,light intensity shower rain
1162,300.44,77,moderate rain
1163,301.5,73,light rain
1164,301.51,71,light rain
1165,300.04,83,light rain
1166,300.03,83,moderate rain
1167,299.27,88,moderate rain
1168,298.76,94,moderate rain
1169,297.91,96,moderate rain
1170,298.2,96,moderate rain
1171,298.2,98,moderate rain
1172,298.2,98,moderate rain
1173,298.2,96,light rain
1174,297.45,92,light rain
1175,297.44,92,light rain
1176,297.86,94,light rain
1177,298.2,92,light rain
1178,298.2,92,light rain
1179,298.2,94,light rain
1180,298.19,94,light rain
1181,298.34,93,light rain
1182,298.72,90,broken clouds
1183,299.38,88,broken clouds
1184,300.45,80,broken clouds
1185,302.13,76,broken clouds
1186,303.05,71,broken clouds
1187,303.26,69,broken clouds
1188,303.93,68,broken clouds
1189,303.95,66,broken clouds
1190,304.35,63,broken clouds
1191,303.34,66,broken clouds
1192,303.16,63,light rain
1193,301.98,72,light rain
1194,301.8,69,light rain
1195,300.38,85,light rain
1196,299.74,92,moderate rain
1197,298.98,94,moderate rain
1198,298.34,94,moderate rain
1199,298.2,94,moderate rain
1200,298.2,94,mist
1201,298.2,94,light rain
1202,297.12,88,light intensity shower rain
1203,297.15,88,light rain
1204,297.15,94,light rain
1205,298.2,94,light rain
1206,298.2,94,light rain
1207,299.67,86,broken clouds
1208,300.74,85,broken clouds
1209,302.35,77,broken clouds
1210,303.53,70,scattered clouds
1211,303.18,70,broken clouds
1212,304.25,64,scattered clouds
1213,304.04,58,broken clouds
1214,303.95,62,broken clouds
1215,304.4,59,light rain
1216,304,62,broken clouds
1217,302.86,67,broken clouds
1218,301.81,73,broken clouds
1219,301.51,75,light rain
1220,301.09,77,broken clouds
1221,300.46,81,scattered clouds
1222,300.75,77,broken clouds
1223,300.41,79,broken clouds
1224,299.99,77,light rain
1225,299.69,81,light rain
1226,299.69,81,light rain
1227,299.69,80,light rain
1228,299.4,81,moderate rain
1229,297.65,89,thunderstorm with light rain
1230,297.65,89,moderate rain
1231,297.3,91,light rain
1232,298.2,88,light rain
1233,298.4,90,moderate rain
1234,298.98,92,moderate rain
1235,300.04,86,moderate rain
1236,300.36,85,light rain
1237,300.78,81,light rain
1238,300.79,81,light rain
1239,301.41,78,light rain
1240,301.85,77,light rain
1241,301.85,77,broken clouds
1242,301.49,75,broken clouds
1243,300.45,81,broken clouds
1244,300.44,81,broken clouds
1245,300.46,83,broken clouds
1246,300.03,85,broken clouds
1247,300.03,85,broken clouds
1248,299.74,88,light rain
1249,299.74,90,light rain
1250,299.4,92,light rain
1251,299.4,92,light rain
1252,299.4,92,light rain
1253,298.98,94,light rain
1254,299.38,92,light rain
1255,299.38,88,scattered clouds
1256,300.1,86,light rain
1257,301.18,80,broken clouds
1258,301.97,69,broken clouds
1259,303.15,64,broken clouds
1260,304.05,62,broken clouds
1261,305.28,57,broken clouds
1262,305.65,59,broken clouds
1263,305.58,59,broken clouds
1264,304.65,63,broken clouds
1265,304.1,66,scattered clouds
1266,302.83,67,scattered clouds
1267,302.23,74,broken clouds
1268,300.47,80,broken clouds
1269,300.46,81,light rain
1270,300.46,83,light rain
1271,300.8,81,light rain
1272,300.8,86,broken clouds
1273,300.04,90,broken clouds
1274,300.04,90,light rain
1275,299.74,92,light rain
1276,299.74,90,light rain
1277,299.74,90,light rain
1278,298.98,92,broken clouds
1279,298.98,94,broken clouds
1280,300.04,90,light rain
1281,302.55,79,broken clouds
1282,303.21,73,light rain
1283,303.76,70,light intensity shower rain
1284,302.34,77,light intensity shower rain
1285,301.53,80,broken clouds
1286,301.11,83,broken clouds
1287,299.93,90,light rain
1288,300.28,87,light rain
1289,301.43,82,broken clouds
1290,301.09,80,broken clouds
1291,300.8,80,broken clouds
1292,300.03,85,broken clouds
1293,299.74,88,broken clouds
1294,299.32,90,broken clouds
1295,298.98,91,broken clouds
1296,298.32,93,broken clouds
1297,298.77,92,broken clouds
1298,298.77,90,broken clouds
1299,298.2,96,broken clouds
1300,298.2,96,broken clouds
1301,298.2,96,broken clouds
1302,298.2,98,broken clouds
1303,298.2,98,mist
1304,300.46,88,mist
1305,301.85,82,broken clouds
1306,303.2,73,broken clouds
1307,303.94,69,broken clouds
1308,304.15,65,broken clouds
1309,305.09,58,broken clouds
1310,303.99,65,scattered clouds
1311,305.44,56,scattered clouds
1312,303.21,68,scattered clouds
1313,302.87,72,scattered clouds
1314,303.18,69,broken clouds
1315,301.79,74,broken clouds
1316,301.46,75,light rain
1317,301.51,75,light rain
1318,301.46,75,broken clouds
1319,301.46,77,broken clouds
1320,301.38,78,broken clouds
1321,301.04,84,scattered clouds
1322,300.75,85,light rain
1323,300.12,88,broken clouds
1324,299.69,88,broken clouds
1325,299.44,90,broken clouds
1326,298.98,92,broken clouds
1327,299,90,light rain
1328,301.59,79,light rain
1329,303.16,77,broken clouds
1330,303.72,70,broken clouds
1331,302.54,73,heavy intensity shower rain
1332,299.19,93,thunderstorm with light rain
1333,302.06,75,scattered clouds
1334,304.54,63,broken clouds
1335,305.12,59,light rain
1336,304.2,59,light rain
1337,303.87,66,light rain
1338,301.51,83,light rain
1339,300.8,85,light intensity shower rain
1340,300.47,85,broken clouds
1341,300.75,83,light rain
1342,300.46,86,moderate rain
1343,300.46,83,light rain
1344,300.03,88,light rain
1345,299.74,90,moderate rain
1346,300.03,88,moderate rain
1347,300.03,88,light rain
1348,299.32,90,light rain
1349,298.98,90,light rain
1350,298.98,90,scattered clouds
1351,299.69,88,light rain
1352,300.02,86,light intensity shower rain
1353,298.62,94,thunderstorm with light rain
1354,297.16,94,thunderstorm with light rain
1355,297.28,100,thunderstorm with light rain
1356,298.65,92,light rain
1357,301.08,81,light rain
1358,302.87,68,broken clouds
1359,303.52,67,broken clouds
1360,303.5,67,scattered clouds
1361,302.56,70,scattered clouds
1362,302.15,70,scattered clouds
1363,301.22,72,broken clouds
1364,300.47,78,broken clouds
1365,299.74,83,broken clouds
1366,299.4,86,broken clouds
1367,298.98,88,broken clouds
1368,299.69,83,broken clouds
1369,299.27,83,broken clouds
1370,298.77,86,broken clouds
1371,298.2,92,broken clouds
1372,298.32,90,broken clouds
1373,298.76,88,broken clouds
1374,298.97,85,broken clouds
1375,298.45,88,broken clouds
1376,300.02,85,broken clouds
1377,302.55,68,light rain
1378,303.16,66,broken clouds
1379,304.52,61,broken clouds
1380,304.01,66,broken clouds
1381,303.39,70,light rain
1382,303.79,69,broken clouds
1383,304.91,62,light rain
1384,304.21,63,light rain
1385,303.63,70,light rain
1386,300.75,78,thunderstorm with light rain
1387,299.82,86,light intensity shower rain
1388,300.15,88,light rain
1389,300.46,85,scattered clouds
1390,300.46,83,broken clouds
1391,300.16,85,broken clouds
1392,300.46,83,broken clouds
1393,299.69,88,broken clouds
1394,299.4,88,broken clouds
1395,299.4,88,broken clouds
1396,300.03,86,broken clouds
1397,299.69,90,scattered clouds
1398,299.02,81,thunderstorm with light rain
1399,297.15,94,light rain
1400,297.3,91,light rain
1401,298.19,90,light rain
1402,298.98,85,light rain
1403,299.53,85,light rain
1404,299.43,86,light rain
1405,300.48,81,light rain
1406,301.52,78,light rain
1407,302.56,74,broken clouds
1408,302.56,74,broken clouds
1409,302.15,76,broken clouds
1410,301.86,78,broken clouds
1411,300.95,82,broken clouds
1412,300.5,85,broken clouds
1413,299.91,89,light rain
1414,299.32,92,broken clouds
1415,299.73,92,broken clouds
1416,298.98,94,broken clouds
1417,299.4,92,light rain
1418,298.98,96,light rain
1419,299.4,92,broken clouds
1420,299.27,92,broken clouds
1421,299.4,92,broken clouds
1422,298.98,94,broken clouds
1423,298.67,98,mist
1424,300.74,86,broken clouds
1425,302.55,79,broken clouds
1426,303.16,73,broken clouds
1427,303.93,68,broken clouds
1428,304.69,65,broken clouds
1429,304.77,65,broken clouds
1430,304.54,67,light rain
1431,301.29,76,thunderstorm with light rain
1432,299.77,90,light rain
1433,299.77,90,thunderstorm with light rain
1434,299.69,90,thunderstorm with light rain
1435,299.69,90,light rain
1436,299.16,90,light rain
1437,298.97,90,light rain
1438,298.77,90,light rain
1439,298.32,93,scattered clouds
1440,298.32,95,scattered clouds
1441,298.2,96,broken clouds
1442,298.2,96,broken clouds
1443,298.2,96,broken clouds
1444,298.32,96,light rain
1445,299.27,87,light intensity shower rain
1446,298.2,94,light intensity shower rain
1447,298.2,96,heavy intensity rain
1448,298.2,94,moderate rain
1449,298.2,94,moderate rain
1450,298.98,92,moderate rain
1451,300.45,85,broken clouds
1452,302.55,74,broken clouds
1453,303.34,71,broken clouds
1454,304.11,67,broken clouds
1455,304.32,65,broken clouds
1456,304.46,66,broken clouds
1457,303.52,73,light intensity shower rain
1458,303.77,66,broken clouds
1459,304.72,61,broken clouds
1460,302.83,71,broken clouds
1461,302.56,73,broken clouds
1462,300.8,83,broken clouds
1463,300.46,83,broken clouds
1464,300.46,80,broken clouds
1465,300.03,80,broken clouds
1466,299.74,81,broken clouds
1467,298.98,86,broken clouds
1468,298.98,90,light rain
1469,298.98,90,light rain
1470,298.98,90,light rain
1471,298.98,90,broken clouds
1472,298.98,92,broken clouds
1473,299,92,broken clouds
1474,300.47,88,broken clouds
1475,302.56,79,broken clouds
1476,303.28,74,broken clouds
1477,303.42,73,light intensity shower rain
1478,302.48,76,thunderstorm with light rain
1479,299.23,89,thunderstorm with light rain
1480,299.23,89,light rain
1481,298.59,96,thunderstorm with light rain
1482,299.89,89,moderate rain
1483,298.84,86,moderate rain
1484,298.84,83,light rain
1485,298.87,85,broken clouds
1486,298.67,85,light rain
1487,298.67,90,broken clouds
1488,298.15,88,light rain
1489,298.2,90,light rain
1490,298.52,86,light rain
1491,298.2,90,light rain
1492,298.41,86,light rain
1493,298.2,88,light rain
1494,298.2,88,broken clouds
1495,298.2,92,light rain
1496,298.2,92,light rain
1497,298.2,92,light rain
1498,298.2,92,light rain
1499,298.21,94,light rain
1500,298.73,90,thunderstorm with light rain
1501,298.73,90,light rain
1502,297.45,92,light rain
1503,297.45,92,thunderstorm with rain
1504,297.48,94,moderate rain
1505,298.18,90,moderate rain
1506,298.2,90,moderate rain
1507,298.94,92,light rain
1508,298.94,92,mist
1509,299.55,91,light rain
1510,299.55,91,haze
1511,300.04,88,light rain
1512,300.04,88,haze
1513,300.04,88,light rain
1514,300.04,88,haze
1515,300.04,87,scattered clouds
1516,298.98,94,broken clouds
1517,298.98,91,broken clouds
1518,298.98,91,broken clouds
1519,298.31,93,broken clouds
1520,298.2,94,broken clouds
1521,298.2,94,broken clouds
1522,298.41,92,light rain
1523,298.2,94,light rain
1524,298.2,94,broken clouds
1525,297.91,92,broken clouds
1526,297.15,96,broken clouds
1527,297.15,94,broken clouds
1528,297.15,96,broken clouds
1529,298.2,94,mist
1530,300.45,83,broken clouds
1531,300.76,81,broken clouds
1532,301.98,77,light rain
1533,303.2,67,broken clouds
1534,304.15,62,broken clouds
1535,304.4,59,broken clouds
1536,305.5,54,broken clouds
1537,305.5,54,broken clouds
1538,304.64,58,broken clouds
1539,303.45,66,broken clouds
1540,302.9,68,broken clouds
1541,300.85,78,thunderstorm
1542,299.4,85,thunderstorm
1543,299.4,81,scattered clouds
1544,299.4,83,broken clouds
1545,299.74,81,broken clouds
1546,299.69,81,broken clouds
1547,299.69,80,broken clouds
1548,298.98,83,broken clouds
1549,298.98,85,broken clouds
1550,298.52,88,light rain
1551,298.77,83,light rain
1552,298.77,83,light rain
1553,298.98,81,light rain
1554,300.8,75,broken clouds
1555,301.06,71,broken clouds
1556,303.32,65,light rain
1557,303.93,65,light rain
1558,304.38,61,light rain
1559,304.21,60,light rain
1560,304.18,58,light rain
1561,304.56,56,light rain
1562,304.26,57,light rain
1563,303.95,59,light rain
1564,302.91,66,broken clouds
1565,302.31,68,broken clouds
1566,301.56,75,broken clouds
1567,300.9,79,light rain
1568,300.57,81,light rain
1569,300.57,81,light rain
1570,300.16,78,broken clouds
1571,299.57,81,light rain
1572,299.57,81,light rain
1573,299.57,80,light rain
1574,299.16,81,broken clouds
1575,299.57,78,broken clouds
1576,299.16,80,broken clouds
1577,299.81,80,broken clouds
1578,301.53,71,broken clouds
1579,301.56,73,broken clouds
1580,303.13,65,broken clouds
1581,304.13,59,broken clouds
1582,304.56,58,broken clouds
1583,305.13,54,broken clouds
1584,305.28,55,broken clouds
1585,305.43,57,broken clouds
1586,303.91,66,broken clouds
1587,302.19,77,thunderstorm with light rain
1588,297.22,98,thunderstorm with rain
1589,296.9,98,light intensity shower rain
1590,297.74,96,light rain
1591,298.48,95,light rain
1592,298.48,98,broken clouds
1593,299.16,93,broken clouds
1594,298.74,95,broken clouds
1595,298.74,93,broken clouds
1596,298.48,95,broken clouds
1597,298.48,94,broken clouds
1598,298.16,94,broken clouds
1599,298.42,91,broken clouds
1600,298.41,89,broken clouds
1601,299.44,87,broken clouds
1602,301.13,77,broken clouds
1603,302.97,70,scattered clouds
1604,303.53,65,broken clouds
1605,304.22,62,scattered clouds
1606,303.81,66,broken clouds
1607,303.98,64,broken clouds
1608,304.41,62,light rain
1609,304.56,60,scattered clouds
1610,303.52,62,broken clouds
1611,303.34,66,broken clouds
1612,302.27,71,scattered clouds
1613,302.15,71,broken clouds
1614,301.8,73,broken clouds
1615,300.8,78,broken clouds
1616,300.46,81,broken clouds
1617,299.74,85,broken clouds
1618,300.46,80,broken clouds
1619,300.46,80,broken clouds
1620,300.16,80,broken clouds
1621,300.04,80,broken clouds
1622,300.03,78,broken clouds
1623,300.03,75,broken clouds
1624,299.69,80,broken clouds
1625,300.44,81,broken clouds
1626,302.55,74,broken clouds
1627,303.18,67,broken clouds
1628,304.14,62,broken clouds
1629,303.96,62,broken clouds
1630,304.98,55,broken clouds
1631,305.31,53,broken clouds
1632,305.9,47,broken clouds
1633,305,50,broken clouds
1634,305,49,broken clouds
1635,304.41,53,broken clouds
1636,303.74,57,broken clouds
1637,302.85,65,broken clouds
1638,302.56,67,broken clouds
1639,302.21,70,broken clouds
1640,301.78,69,broken clouds
1641,301.8,71,broken clouds
1642,301.51,72,broken clouds
1643,301.17,74,broken clouds
1644,300.75,77,broken clouds
1645,300.75,75,broken clouds
1646,300.38,74,thunderstorm with light rain
1647,299.3,80,light rain
1648,298.76,85,light rain
1649,301.19,74,light rain
1650,302.91,67,light rain
1651,303.34,64,broken clouds
1652,304.4,59,broken clouds
1653,304.61,57,broken clouds
1654,305,57,broken clouds
1655,305.61,52,broken clouds
1656,305.99,51,broken clouds
1657,305.99,51,broken clouds
1658,305.62,53,broken clouds
1659,305.37,53,broken clouds
1660,303.48,61,broken clouds
1661,302.93,61,broken clouds
1662,301.85,71,broken clouds
1663,301.85,68,broken clouds
1664,302.14,68,broken clouds
1665,302.57,72,broken clouds
1666,300.8,77,thunderstorm with light rain
1667,300.37,75,scattered clouds
1668,300.46,77,moderate rain
1669,299.74,83,broken clouds
1670,299.74,83,scattered clouds
1671,300.03,83,broken clouds
1672,299.74,85,broken clouds
1673,301.84,77,broken clouds
1674,303.17,71,broken clouds
1675,304.73,63,broken clouds
1676,304.41,56,broken clouds
1677,305.09,52,broken clouds
1678,305.38,52,broken clouds
1679,305.8,49,scattered clouds
1680,305.73,49,broken clouds
1681,305.38,47,broken clouds
1682,306.09,48,broken clouds
1683,305.37,52,broken clouds
1684,303.98,60,broken clouds
1685,303.45,66,broken clouds
1686,302.86,70,broken clouds
1687,302.57,74,light rain
1688,301.51,87,light rain
1689,301.51,85,broken clouds
1690,301.51,83,broken clouds
1691,301.51,82,thunderstorm
1692,301.09,83,light intensity shower rain
1693,300.8,85,light rain
1694,300.46,85,broken clouds
1695,300.04,88,light rain
1696,300.44,86,thunderstorm
1697,300.44,86,moderate rain
1698,299.02,83,moderate rain
1699,296.93,90,light intensity shower rain
1700,296.87,92,light intensity shower rain
1701,297.35,90,moderate rain
1702,297.53,92,moderate rain
1703,297.56,92,light rain
1704,298.84,89,light rain
1705,299.68,80,heavy intensity rain
1706,300.06,78,moderate rain
1707,300.05,78,moderate rain
1708,299.55,81,moderate rain
1709,298.77,85,moderate rain
1710,298.53,86,light rain
1711,298.77,86,light rain
1712,298.73,86,light rain
1713,298.98,85,light rain
1714,298.98,85,broken clouds
1715,298.34,89,broken clouds
1716,298.52,86,broken clouds
1717,298.52,86,light rain
1718,298.22,88,light rain
1719,298.2,88,broken clouds
1720,297.91,90,broken clouds
1721,298.51,86,broken clouds
1722,298.77,83,broken clouds
1723,299.7,80,broken clouds
1724,300.45,77,broken clouds
1725,301.51,74,light rain
1726,302.56,69,broken clouds
1727,303.2,64,broken clouds
1728,303.51,63,scattered clouds
1729,303.51,64,light intensity shower rain
1730,303.64,63,broken clouds
1731,302.58,64,broken clouds
1732,301.52,66,broken clouds
1733,300.48,69,light rain
1734,300.04,69,light rain
1735,299.74,75,broken clouds
1736,299.4,77,broken clouds
1737,299.4,77,broken clouds
1738,299.4,78,broken clouds
1739,298.98,81,broken clouds
1740,298.98,81,broken clouds
1741,298.73,85,sky is clear
1742,298.73,81,sky is clear
1743,298.98,80,sky is clear
1744,298.98,80,sky is clear
1745,298.73,81,broken clouds
1746,298.98,83,broken clouds
1747,299.41,81,broken clouds
1748,300.47,77,broken clouds
1749,302.14,71,broken clouds
1750,302.56,68,broken clouds
1751,303.2,66,broken clouds
1752,303.34,64,broken clouds
1753,304.18,59,light rain
1754,303.22,64,light rain
1755,302.27,72,scattered clouds
1756,301.87,71,broken clouds
1757,301.22,72,light rain
1758,300.47,78,broken clouds
1759,300.47,78,broken clouds
1760,300.45,77,broken clouds
1761,300.45,78,broken clouds
1762,300.03,78,broken clouds
1763,299.4,83,broken clouds
1764,299.4,83,light rain
1765,298.98,83,broken clouds
1766,298.98,85,broken clouds
1767,299,85,broken clouds
1768,299.41,83,broken clouds
1769,299.41,83,broken clouds
1770,299.75,83,light rain
1771,300.46,78,light rain
1772,301.85,74,light rain
1773,301.51,74,light rain
1774,301.85,72,light rain
1775,302.57,70,light rain
1776,302.55,68,light rain
1777,301.85,71,light rain
1778,302.6,68,broken clouds
1779,301.84,71,light rain
1780,301.51,71,broken clouds
1781,300.47,73,broken clouds
1782,299.91,79,broken clouds
1783,299.75,78,broken clouds
1784,299.74,77,broken clouds
1785,299.4,80,broken clouds
1786,299.4,77,broken clouds
1787,299.4,80,broken clouds
1788,298.98,81,scattered clouds
1789,298.98,83,broken clouds
1790,298.98,83,broken clouds
1791,298.98,83,broken clouds
1792,298.98,83,broken clouds
1793,298.98,81,broken clouds
1794,299.4,80,scattered clouds
1795,301.32,73,broken clouds
1796,301.84,69,broken clouds
1797,302.55,64,broken clouds
1798,302.9,62,broken clouds
1799,303.23,58,light rain
1800,303.34,59,light rain
1801,303.76,58,scattered clouds
1802,303.47,58,scattered clouds
1803,302.56,60,light rain
1804,302.15,61,broken clouds
1805,301.51,65,broken clouds
1806,300.8,69,broken clouds
1807,300.46,72,broken clouds
1808,300.04,77,broken clouds
1809,300.04,78,broken clouds
1810,299.74,80,broken clouds
1811,299.4,81,broken clouds
1812,299.4,81,broken clouds
1813,299.4,81,broken clouds
1814,298.98,83,broken clouds
1815,298.98,83,broken clouds
1816,298.98,83,broken clouds
1817,298.77,83,broken clouds
1818,299.75,80,sky is clear
1819,301.09,75,broken clouds
1820,302.15,69,broken clouds
1821,303.76,60,broken clouds
1822,304.38,61,broken clouds
1823,303.74,63,broken clouds
1824,304.39,59,broken clouds
1825,303.22,64,broken clouds
1826,303.77,62,broken clouds
1827,303.22,63,broken clouds
1828,302.57,62,broken clouds
1829,301.85,66,broken clouds
1830,300.8,72,broken clouds
1831,300.8,72,broken clouds
1832,300.46,77,broken clouds
1833,300.04,78,broken clouds
1834,299.69,80,broken clouds
1835,299.69,80,broken clouds
1836,298.98,83,broken clouds
1837,299.4,81,broken clouds
1838,298.98,83,broken clouds
1839,299.4,81,broken clouds
1840,298.98,83,broken clouds
1841,299.41,81,scattered clouds
1842,300.04,80,scattered clouds
1843,300.8,77,broken clouds
1844,301.52,77,broken clouds
1845,302.56,73,light rain
1846,303.61,66,scattered clouds
1847,304.18,66,broken clouds
1848,304.19,62,broken clouds
1849,304.39,59,light rain
1850,303.52,63,light rain
1851,303.21,66,broken clouds
1852,302.15,67,broken clouds
1853,301.51,69,broken clouds
1854,300.8,73,broken clouds
1855,300.46,73,broken clouds
1856,299.74,78,broken clouds
1857,299.74,78,broken clouds
1858,299.74,78,broken clouds
1859,298.98,83,broken clouds
1860,298.98,83,broken clouds
1861,298.98,83,broken clouds
1862,298.98,83,broken clouds
1863,298.98,83,broken clouds
1864,298.73,85,broken clouds
1865,299,83,broken clouds
1866,299.41,81,broken clouds
1867,300.93,76,broken clouds
1868,301.81,73,broken clouds
1869,303.72,65,broken clouds
1870,304.39,62,broken clouds
1871,304.4,61,broken clouds
1872,304.4,61,light rain
1873,304.74,59,light intensity shower rain
1874,303.77,62,broken clouds
1875,302.56,61,broken clouds
1876,302.15,63,light rain
1877,301.51,66,broken clouds
1878,300.95,71,broken clouds
1879,300.8,72,broken clouds
1880,300.04,78,broken clouds
1881,300.04,78,broken clouds
1882,300.04,80,broken clouds
1883,299.75,81,broken clouds
1884,299.41,83,broken clouds
1885,299.4,83,broken clouds
1886,299.4,83,broken clouds
1887,299,85,broken clouds
1888,298.98,85,broken clouds
1889,298.98,88,broken clouds
1890,299.75,85,broken clouds
1891,301.51,77,broken clouds
1892,302.58,74,broken clouds
1893,303.77,66,light rain
1894,303.91,63,light intensity shower rain
1895,302.95,71,light intensity shower rain
1896,304.4,61,moderate rain
1897,302.55,73,light intensity shower rain
1898,300.93,81,thunderstorm with light rain
1899,300.93,81,light rain
1900,298.85,93,thunderstorm with light rain
1901,298.59,92,thunderstorm with light rain
1902,298.23,96,thunderstorm with light rain
1903,298.23,96,light rain
1904,298.46,90,light rain
1905,298.2,92,light rain
1906,298.77,88,light rain
1907,298.98,87,light rain
1908,298.98,88,broken clouds
1909,298.73,88,broken clouds
1910,298.2,94,light rain
1911,298.21,92,light rain
1912,298.53,92,light rain
1913,298.73,90,light rain
1914,298.73,90,broken clouds
1915,298.73,90,broken clouds
1916,298.98,88,broken clouds
1917,300.17,83,broken clouds
1918,302.35,75,broken clouds
1919,303.2,71,light rain
1920,303.52,71,light rain
1921,302.5,77,light rain
1922,301.16,84,light intensity shower rain
1923,299.15,93,light intensity shower rain
1924,300.34,87,thunderstorm with light rain
1925,300.34,87,moderate rain
1926,300.04,87,moderate rain
1927,300.02,88,light rain
1928,299.61,91,light rain
1929,300.02,88,light rain
1930,299.73,88,light rain
1931,299.16,90,moderate rain
1932,298.98,91,light rain
1933,298.98,88,moderate rain
1934,299.4,86,moderate rain
1935,298.98,88,moderate rain
1936,298.98,88,moderate rain
1937,298.98,88,light rain
1938,298.77,90,light rain
1939,298.72,88,light rain
1940,298.67,91,light rain
1941,298.98,91,broken clouds
1942,299.4,86,light rain
1943,299.91,82,broken clouds
1944,300.45,78,broken clouds
1945,301.8,74,light rain
1946,302.56,70,broken clouds
1947,301.52,69,light rain
1948,300.95,75,light intensity shower rain
1949,300.8,77,light rain
1950,300.45,77,light rain
1951,300.04,78,light rain
1952,299.74,80,light rain
1953,299.41,86,light rain
1954,299.41,86,broken clouds
1955,298.98,88,broken clouds
1956,298.98,88,broken clouds
1957,298.98,88,broken clouds
1958,298.98,85,broken clouds
1959,298.73,86,broken clouds
1960,298.53,86,light intensity shower rain
1961,298.53,86,broken clouds
1962,298.53,86,broken clouds
1963,298.51,86,broken clouds
1964,298.51,88,broken clouds
1965,298.97,87,broken clouds
1966,299.75,83,broken clouds
1967,300.93,76,broken clouds
1968,301.09,77,broken clouds
1969,302.28,71,light rain
1970,302.28,71,light intensity shower rain
1971,302.67,70,moderate rain
1972,302.56,67,light rain
1973,302.56,63,light rain
1974,301.21,70,broken clouds
1975,300.79,69,broken clouds
1976,300.45,72,broken clouds
1977,299.75,77,broken clouds
1978,299.75,77,broken clouds
1979,299.73,78,broken clouds
1980,299.73,80,broken clouds
1981,299.73,80,broken clouds
1982,299.4,81,broken clouds
1983,299.4,81,broken clouds
1984,298.98,83,broken clouds
1985,298.98,83,broken clouds
1986,298.98,83,broken clouds
1987,299.4,81,broken clouds
1988,299.4,81,broken clouds
1989,299.4,81,broken clouds
1990,300.79,75,broken clouds
1991,301.84,69,broken clouds
1992,302.56,67,broken clouds
1993,303.76,62,broken clouds
1994,303.7,64,scattered clouds
1995,304.91,60,scattered clouds
1996,303.06,66,light intensity shower rain
1997,303.72,61,scattered clouds
1998,303.45,63,light rain
1999,302.9,64,light rain
2000,301.52,71,broken clouds
2001,301.51,73,broken clouds
2002,300.8,75,broken clouds
2003,300.04,78,broken clouds
2004,300.04,80,broken clouds
2005,300.04,80,broken clouds
2006,299.75,81,broken clouds
2007,299.75,80,broken clouds
2008,299.4,81,broken clouds
2009,299.4,81,broken clouds
2010,298.98,83,broken clouds
2011,298.98,83,broken clouds
2012,298.98,83,scattered clouds
2013,300.04,78,broken clouds
2014,300.45,77,broken clouds
2015,302.23,70,broken clouds
2016,302.87,69,broken clouds
2017,304.18,62,broken clouds
2018,304.43,62,broken clouds
2019,303.19,67,scattered clouds
2020,301.94,77,scattered clouds
2021,301.89,72,light rain
2022,302.25,74,broken clouds
2023,302.57,71,broken clouds
2024,301.83,74,broken clouds
2025,301.2,74,broken clouds
2026,300.45,77,broken clouds
2027,300.16,76,broken clouds
2028,300.45,78,broken clouds
2029,300.45,80,broken clouds
2030,299.75,81,scattered clouds
2031,300.02,80,broken clouds
2032,299.4,83,broken clouds
2033,299.4,83,broken clouds
2034,298.98,83,broken clouds
2035,298.98,83,scattered clouds
2036,299.38,81,scattered clouds
2037,300.44,75,broken clouds
2038,300.74,75,broken clouds
2039,302.56,69,broken clouds
2040,303.76,63,broken clouds
2041,303.53,65,light rain
2042,304.26,60,light rain
2043,303.98,66,light intensity shower rain
2044,304.57,63,broken clouds
2045,304.88,60,broken clouds
2046,303.89,65,broken clouds
2047,303.66,63,broken clouds
2048,302.63,68,broken clouds
2049,301.81,73,light rain
2050,301.8,75,moderate rain
2051,301.09,78,light rain
2052,301.09,81,light rain
2053,301.09,78,broken clouds
2054,299.32,89,light intensity shower rain
2055,299.33,88,light rain
2056,299.7,89,light rain
2057,299.45,90,shower rain
2058,299.04,93,light intensity shower rain
2059,298.41,90,light intensity shower rain
2060,298.42,86,light rain
2061,299.27,85,light rain
2062,299.89,84,light rain
2063,301.89,80,light intensity shower rain
2064,300.46,81,light rain
2065,302.91,74,light rain
2066,303.24,71,light rain
2067,303.19,71,light rain
2068,302.61,74,light intensity shower rain
2069,301.78,78,light intensity shower rain
2070,302.24,74,light rain
2071,301.19,77,light intensity shower rain
2072,300.33,81,light rain
2073,300.76,80,light rain
2074,300.15,83,light rain
2075,298.72,92,shower rain
2076,298.31,93,light rain
2077,298.31,92,light rain
2078,298.31,93,light rain
2079,298.34,94,light rain
2080,298.34,93,light rain
2081,298.72,90,light rain
2082,298.72,89,light rain
2083,299.01,87,light rain
2084,298.51,92,broken clouds
2085,300.44,85,broken clouds
2086,301.59,76,scattered clouds
2087,302.01,75,broken clouds
2088,302.27,72,light intensity shower rain
2089,303.34,68,broken clouds
2090,303.53,68,scattered clouds
2091,303.67,67,light rain
2092,303.77,61,broken clouds
2093,303.74,63,light rain
2094,303.44,65,light rain
2095,302.62,71,moderate rain
2096,301.36,81,moderate rain
2097,300.31,84,thunderstorm with light rain
2098,300.31,84,moderate rain
2099,298.22,96,moderate rain
2100,298.22,96,thunderstorm with light rain
2101,298.2,96,moderate rain
2102,297.91,98,moderate rain
2103,298.2,92,moderate rain
2104,298.2,92,shower rain
2105,297.15,96,thunderstorm with rain
2106,297.15,96,light rain
2107,297.15,96,light intensity shower rain
2108,297.15,96,light rain
2109,297.45,94,light rain
2110,297.77,90,light rain
2111,298.2,94,light rain
2112,298.41,92,light rain
2113,299.69,85,light rain
2114,301.32,79,light rain
2115,302.09,72,light rain
2116,302.56,70,light rain
2117,302.56,69,broken clouds
2118,303.34,65,broken clouds
2119,303.58,64,broken clouds
2120,303.17,66,broken clouds
2121,303.34,60,broken clouds
2122,303.19,63,broken clouds
2123,302.15,71,light rain
2124,301.34,75,light rain
2125,301.09,77,light rain
2126,300.18,80,broken clouds
2127,299.41,81,broken clouds
2128,298.77,85,broken clouds
2129,298.53,86,broken clouds
2130,298.21,88,broken clouds
2131,298.53,86,broken clouds
2132,298.53,86,broken clouds
2133,298.51,86,broken clouds
2134,298.51,86,broken clouds
2135,298.51,86,broken clouds
2136,298.98,83,broken clouds
2137,299.7,80,broken clouds
2138,300.74,77,broken clouds
2139,301.51,74,broken clouds
2140,302.88,67,broken clouds
2141,304.18,62,broken clouds
2142,304.4,58,scattered clouds
2143,303.98,58,broken clouds
2144,304.39,56,broken clouds
2145,303.15,66,scattered clouds
2146,302.48,69,scattered clouds
2147,301.84,75,scattered clouds
2148,300.8,80,broken clouds
2149,300.17,83,broken clouds
2150,300.16,83,broken clouds
2151,299.41,86,broken clouds
2152,299.41,86,broken clouds
2153,298.98,88,broken clouds
2154,298.98,88,broken clouds
2155,298.77,90,broken clouds
2156,298.77,90,broken clouds
2157,298.73,90,broken clouds
2158,298.98,88,broken clouds
2159,298.53,92,broken clouds
2160,299.69,85,broken clouds
2161,301.09,78,broken clouds
2162,302.56,74,broken clouds
2163,303.46,68,broken clouds
2164,304.39,64,broken clouds
2165,304.72,61,broken clouds
2166,304.79,60,broken clouds
2167,305.08,63,broken clouds
2168,304.32,63,broken clouds
2169,303.54,72,broken clouds
2170,302.27,78,broken clouds
2171,301.11,81,broken clouds
2172,300.34,83,broken clouds
2173,300.03,88,broken clouds
2174,300.03,87,broken clouds
2175,300.03,87,broken clouds
2176,299.74,88,broken clouds
2177,299.27,91,broken clouds
2178,299.29,91,broken clouds
2179,299.29,89,broken clouds
